Name,Selling Price,Original Price,Product Type
Twilight Pass,145190,,special
WeekLy Diamond Pass,27704,,special
2x Weekly Diamond Pass,55408,,special
3x Weekly Diamond Pass,83112,,special
4x Weekly Diamond Pass,110816,,special
5x Weekly Diamond Pass,138520,,special
86 (78 + 8),24310,23715,diamond
172 (156 + 16),46770,45579,diamond
257 (234 + 23),66910,65410,diamond
343 (312 + 31),92320,89125,diamond
429 (390 + 39),111980,110980,diamond
514 (468 + 46),133020,130820,diamond
600 (546 + 54),157230,154535,diamond
706 (625 + 81),177900,173600,diamond
792 (705 + 87),199040,197315,diamond
878 (781 + 97),225170,219170,diamond
963 (859 + 104),245010,239010,diamond
1050 (937 + 113),272740,264740,diamond
1135 (1005 + 130),287580,284580,diamond
1220 (1093 + 127),311420,304420,diamond
1412 (1250 + 162),355200,347200,diamond
1584 (1417 + 167),386299,392770,diamond
1669 (1484 + 185),422610,412610,diamond
1756 (1561 + 195),449340,438340,diamond
1841 (1639 + 202),469180,458180,diamond
2195 (1860 + 335),538830,524830,diamond
2539 (2172 + 367),623970,615970,diamond
2901 (2485 + 416),730430,698430,diamond
3073 (2641 + 432),765010,744000,diamond
3688 (3099 + 589),895444,875440,diamond
4394 (3724 + 670),1079040,1049040,diamond
5532 (4649 + 883),1350607,1320600,diamond
6238 (5274 + 864),1536202,1494200,diamond
7727 (6509 + 1218),1895433,1845430,diamond
9288 (7740 + 1548),2254499,2194490,diamond
